date,channel,asset_name,target_url,contact_name,contact_email,status,date_sent,date_replied,date_published,outcome,notes
2026-06-12,Guest Post,The Verge,https://www.theverge.com/,Nilay Patel,tips@theverge.com,PENDING,,,,Need to find specific writer
2026-06-12,Guest Post,Wired,https://www.wired.com/,,contributors@wired.com,PENDING,,,,,
2026-06-12,Guest Post,Fast Company,https://www.fastcompany.com/,,tips@fastcompany.com,PENDING,,,,,
2026-06-12,Guest Post,Boing Boing,https://boingboing.net/,Cory Doctorow,cory@boingboing.net,PENDING,,,,,
2026-06-12,Guest Post,Uncrate,https://uncrate.com/,,tips@uncrate.com,PENDING,,,,,
2026-06-12,Guest Post,Pitchfork,https://pitchfork.com/,,tips@pitchfork.com,PENDING,,,,,
2026-06-12,Guest Post,The Sound of the Machine,https://soundofthemachine.com,,,PENDING,,,,,
2026-06-12,Guest Post,Audiophilly,https://audiophilly.com,,,PENDING,,,,,
2026-06-12,Guest Post,Tape Op Magazine,https://tapeop.com/,,info@tapeop.com,PENDING,,,,,
2026-06-12,Guest Post,Audioholics,https://www.audioholics.com,,,PENDING,,,,,
2026-06-12,Guest Post,Apartment Therapy,https://www.apartmenttherapy.com,,,PENDING,,,,,
2026-06-12,Guest Post,Dwell Magazine,https://www.dwell.com/,,editors@dwell.com,PENDING,,,,,
2026-06-12,Guest Post,Design Milk,https://design-milk.com/,,hello@design-milk.com,PENDING,,,,,
2026-06-12,Guest Post,Core77,https://www.core77.com/,,info@core77.com,PENDING,,,,,
2026-06-12,Guest Post,Retro Thing,https://retrothing.com/,Boing Boing Editors,info@retrothing.com,PENDING,,,,,
2026-06-12,Reddit,r/boomboxes,https://www.reddit.com/r/boomboxes/,,,PENDING,,,,Show & Tell post: KBB-228 spherical
2026-06-12,Reddit,r/cassetteculture,https://www.reddit.com/r/cassetteculture/,,,PENDING,,,,Modern portable cassette players discussion
2026-06-12,Reddit,r/RetroAudio,https://www.reddit.com/r/RetroAudio/,,,PENDING,,,,Industry analysis post
2026-06-12,Reddit,r/70s,https://www.reddit.com/r/70s/,,,PENDING,,,,70s color palette aesthetic post
2026-06-12,Reddit,r/vinyl,https://www.reddit.com/r/vinyl/,,,PENDING,,,,CD vs vinyl format discussion
2026-06-12,YouTube Shorts,Script 1: KBB-228 Unboxing,https://www.youtube.com/@byronstatics,,,NOT_STARTED,,,,Film + post within 2 weeks
2026-06-12,YouTube Shorts,Script 2: 5 Products,https://www.youtube.com/@byronstatics,,,NOT_STARTED,,,,""
2026-06-12,YouTube Shorts,Script 3: AirPods to CD,https://www.youtube.com/@byronstatics,,,NOT_STARTED,,,,""
2026-06-12,YouTube Shorts,Script 4: 70s Design,https://www.youtube.com/@byronstatics,,,NOT_STARTED,,,,""
2026-06-12,YouTube Shorts,Script 5: Mixtape Revival,https://www.youtube.com/@byronstatics,,,NOT_STARTED,,,,""
2026-06-12,HN,Show HN post,https://news.ycombinator.com/,,,NOT_STARTED,,,,Tuesday 8AM PT launch
2026-06-12,Product Hunt,ByronStatics launch,https://www.producthunt.com/,,,NOT_STARTED,,,,Tuesday 12:01AM PT launch
2026-06-12,Pinterest,Account setup + 5 boards,https://www.pinterest.com/byronstatics,,,NOT_STARTED,,,,1-2 hour setup
2026-06-12,Pinterest,30 initial pins,https://www.pinterest.com/byronstatics,,,NOT_STARTED,,,,10 product + 10 lifestyle + 10 community
